<?xml version="1.0" encoding="UTF-8"?>
<!DOCTYPE hibernate-configuration PUBLIC "-//Hibernate/Hibernate Configuration DTD 3.0//EN" "http://hibernate.sourceforge.net/hibernate-configuration-3.0.dtd">
<hibernate-configuration>
    <session-factory>
        <property name="hibernate.connection.driver_class">com.mysql.cj.jdbc.Driver</property>
        <property name="hibernate.connection.url">jdbc:mysql://localhost:3306/quantum_retail_pro?useSSL=false</property>
        <property name="hibernate.connection.username">root</property>
        <property name="hibernate.connection.password">Vheshan37@37</property>
        <property name="hibernate.dialect">org.hibernate.dialect.MySQLDialect</property>
        <property name="hibernate.show_sql">true</property>
        <mapping class="com.qb.app.model.entity.Employee"/>
        <mapping class="com.qb.app.model.entity.EmployeePanel"/>
        <mapping class="com.qb.app.model.entity.EmployeeRole"/>
        <mapping class="com.qb.app.model.entity.EmployeeStatus"/>
    </session-factory>
</hibernate-configuration>